0,1,labels
-0.5655302,-0.15795313,10.0
0.11264146,0.23871997,9.0
-0.019473951,0.3741709,3.0
0.10692544,0.23234221,9.0
0.10503713,0.23865059,9.0
-0.7427891,0.9027519,10.0
0.15189826,-0.14495389,1.0
0.074179836,0.48668066,10.0
0.76305115,-0.31490207,10.0
0.012111471,0.027515365,0.0
-0.17157249,-0.12587042,5.0
0.8188345,0.029595234,10.0
-0.1765188,1.0758716,10.0
-0.2820515,1.0445758,10.0
0.25290176,0.082527615,7.0
0.32076782,0.80193156,10.0
0.18717137,-0.18056375,1.0
0.44194067,-0.053548776,10.0
1.2912728,-0.61571544,10.0
-1.3929594,-0.65769863,10.0
-0.49135527,0.20050025,10.0
0.260565,0.61369026,4.0
0.09611347,0.22956002,9.0
0.0382295,-0.15826471,10.0
0.12311181,0.21768041,9.0
0.97562134,0.22789888,10.0
-0.014028064,0.39072907,3.0
1.3669196,0.1824512,10.0
0.42435473,0.790967,10.0
-0.38478285,0.36373588,10.0
0.013041728,0.028435647,0.0
-0.20773672,-0.20968632,5.0
0.10763836,0.21941562,9.0
0.12422163,0.23487054,9.0
-0.531523,-0.27681494,10.0
0.3744247,0.404293,6.0
-0.4064559,-0.5473761,10.0
0.014711891,0.0323617,0.0
0.25875533,0.08659025,7.0
-0.920375,-0.37784272,10.0
0.9431752,0.79000545,10.0
0.0046727923,0.047845237,0.0
0.4486271,0.24507211,10.0
-0.001784868,0.40366888,3.0
0.45630074,-0.5534107,10.0
0.01933123,0.040113606,0.0
0.087400936,0.21326134,9.0
0.40611777,0.4346125,6.0
-0.008765082,0.44427225,3.0
0.2513686,0.6319385,4.0
0.23300564,0.08001362,7.0
0.3854028,-0.8021646,10.0
0.07999998,0.21516064,9.0
-0.9223747,0.3074426,10.0
0.36709708,0.36399335,6.0
-0.66471773,-0.31039232,10.0
0.3753211,0.39834285,6.0
-0.637138,1.0075393,10.0
-0.13850513,-0.104827054,5.0
-0.16448793,-0.14980072,5.0
-0.29924157,-0.013457819,2.0
-1.1305841,0.8812388,10.0
-0.13489358,-0.5819983,10.0
0.009207104,0.030800313,0.0
-0.25628868,0.017539255,2.0
-0.4222527,0.81781346,10.0
-0.17374375,-0.15175569,5.0
-1.1337358,0.19532602,10.0
-0.16272359,0.36614656,10.0
-0.17253482,-0.15556417,5.0
-0.5812493,-0.10560296,10.0
0.14386253,-0.13879052,1.0
0.22872926,0.08615439,7.0
-0.18715838,-0.18178447,5.0
-0.15062746,-0.12061089,5.0
-0.48219243,-0.3502372,10.0
0.14083146,-0.12870736,1.0
-0.3166746,0.13107722,10.0
-0.31944484,-0.7105344,10.0
0.24712881,0.570044,4.0
0.9452963,-0.56707704,10.0
0.1475933,-0.13905971,1.0
1.1342107,-0.6104113,10.0
0.23119694,0.084007315,7.0
0.054943,0.9638248,10.0
0.367629,0.39934987,6.0
0.4128809,0.41871193,6.0
0.34775484,0.39436278,6.0
0.74189585,-0.40036827,10.0
0.90628666,0.20182373,10.0
0.50711495,0.74420136,10.0
-0.1253925,0.5946316,10.0
0.78938776,0.022993721,10.0
-0.2681271,-0.00057982956,2.0
0.34781712,0.37228495,6.0
0.26639652,0.070712306,7.0
-0.13169444,0.7623833,10.0
-0.51105046,-0.4872672,10.0
-1.0962139,0.07181225,10.0
-0.23906772,0.8282456,10.0
0.12527552,-0.1259382,1.0
-0.36712882,0.78523886,10.0
0.11177402,0.23484455,9.0
-0.8423973,0.9583668,10.0
-0.4266278,-0.20682049,10.0
0.29746285,0.6797314,4.0
-0.014281697,0.40729576,3.0
0.5455836,-0.52214044,10.0
-0.38149518,0.54530454,10.0
0.29363412,0.6605622,4.0
0.23411125,0.5778583,10.0
0.3533136,0.7896696,10.0
-0.09854013,0.1945471,8.0
-0.28797993,-0.031962164,2.0
-0.59531057,-0.16875799,10.0
-0.10512673,0.2101319,8.0
-1.1404918,-0.10583121,10.0
0.13553387,-0.1254078,1.0
0.28409272,0.7260874,4.0
-0.1108702,0.20841622,8.0
-0.45084596,-0.61182576,10.0
-0.092204906,0.2038547,8.0
-0.867628,-0.037776746,10.0
-1.2575167,0.291935,10.0
0.38737255,0.41285512,6.0
0.108932026,0.23188893,9.0
0.39510092,0.42059508,6.0
-0.10449291,0.19705552,8.0
-0.7892461,-0.2136441,10.0
-0.300333,-0.009586184,2.0
-0.66377836,0.78402406,10.0
0.36432454,0.40696204,6.0
0.14461987,-0.13685806,1.0
0.41254124,0.9441771,10.0
1.4142262,0.5857977,10.0
-0.7296794,-0.2869193,10.0
0.020971086,0.04396862,0.0
-0.72629386,0.40377057,10.0
-0.01589417,0.40887886,3.0
-0.8912958,0.5322941,10.0
0.006963112,0.036979824,0.0
-1.1299465,-0.112402655,10.0
0.33858562,-0.6781145,10.0
0.004116057,0.030826466,0.0
-0.46539816,0.96621907,10.0
1.1616335,0.38424948,10.0
-0.13532244,-0.89032996,10.0
-0.31853092,-0.028394155,2.0
-0.2644748,0.016516522,2.0
0.10709462,0.22866933,9.0
0.0669818,-0.9303281,10.0
0.0007337375,1.1613252,10.0
0.2727771,0.09301653,7.0
-1.2511581,0.32355094,10.0
-0.97825,1.1580907,10.0
0.18931706,0.621036,10.0
0.75859994,0.24891837,10.0
0.0070292004,0.03590246,0.0
0.37684438,-0.5987409,10.0
-0.12311159,0.23112094,8.0
0.0045237434,0.030731432,0.0
-0.13391429,0.23355652,8.0
0.6566989,-0.52598643,10.0
0.15755868,-0.14957395,1.0
0.29133278,0.66583705,4.0
0.013622505,0.03810115,0.0
-0.3268481,0.6591602,10.0
1.8244014,0.327757,10.0
-0.15506795,1.2085639,10.0
0.34042984,0.7023143,4.0
0.14332274,-0.13869253,1.0
-0.9365352,0.30101854,10.0
1.1794516,-0.07983019,10.0
-0.57796913,0.46558315,10.0
0.01474939,0.038043205,0.0
0.00763904,0.03985168,0.0
-0.1333071,-0.10335296,5.0
-0.5540201,0.6086223,10.0
0.10923257,0.23593818,9.0
0.5316548,-0.1759053,10.0
0.34607065,-0.45245486,10.0
0.34866542,0.39327243,6.0
-1.0498717,0.7696465,10.0
0.25011984,0.08197628,7.0
-0.14588457,1.4467705,10.0
-0.33354294,0.21625762,10.0
0.13818407,-0.15703173,1.0
-0.23863833,-0.81428844,10.0
0.28172913,0.63154954,4.0
0.14682981,-0.1279992,1.0
1.094555,0.052394547,10.0
-0.18280622,-0.19553392,5.0
-0.104705766,0.201326,8.0
-0.18830843,-0.18571232,5.0
0.46120673,-0.79404145,10.0
0.08549636,0.2119507,9.0
-0.20914435,0.051427886,2.0
0.4313661,0.42924574,6.0
0.15676676,-0.14531101,1.0
0.23764978,0.08259272,7.0
0.52545005,0.29929358,10.0
0.9652137,0.25786263,10.0
0.0008701725,0.04356084,0.0
0.24842006,0.11210996,7.0
-1.04109,-0.5827957,10.0
0.006000715,0.047512107,0.0
-0.9650957,0.42716575,10.0
0.1949448,-0.18950361,1.0
0.36004105,-0.017472312,10.0
0.023260731,0.044137016,0.0
0.3952942,0.41785622,6.0
-0.9263132,0.42613527,10.0
-0.11519467,1.2307454,10.0
1.2599317,0.5737065,10.0
-0.22421628,-0.84281796,10.0
1.1556591,0.29219562,10.0
-0.58518934,0.5744999,10.0
0.045851592,0.47918266,10.0
0.55889434,0.39346898,10.0
-0.18885319,-0.18646564,5.0
0.27341196,0.7383358,10.0
-0.8220324,0.7700688,10.0
0.7108542,0.654032,10.0
-0.28224847,0.003453464,2.0
-0.61516386,0.6379995,10.0
-0.10024404,0.20533589,8.0
-1.5035462,-0.5456471,10.0
-0.49069878,0.98587245,10.0
0.40336716,0.44007623,6.0
-0.6314953,-0.6752549,10.0
0.1528068,-0.15618174,1.0
0.016766045,0.046648614,0.0
-0.33736274,-0.62891096,10.0
1.1065289,-0.17904782,10.0
-0.13369223,0.2321776,8.0
0.36819306,0.8658723,10.0
-0.33077523,-0.024213694,2.0
-0.15362376,-0.11573555,5.0
-0.28245485,0.67627466,10.0
-0.56867355,0.81761724,10.0
0.18643543,-0.27746567,10.0
0.4102928,0.44821808,6.0
0.018474966,0.04282089,0.0
0.099088505,0.2339883,9.0
-0.27814323,0.015216392,2.0
-0.01371524,0.4026705,3.0
-0.40176234,0.794798,10.0
0.35569263,0.38207194,6.0
0.42564315,0.45245853,6.0
0.103639774,0.23346354,9.0
-1.0212063,0.14614205,10.0
-0.0030240857,0.036428064,0.0
0.59109414,-0.88716793,10.0
-0.38194782,0.33222443,10.0
-0.09607733,0.20082843,8.0
-0.47106904,0.6339763,10.0
0.24536738,0.07257608,7.0
-1.3946524,-0.4016045,10.0
-0.10344053,0.20164238,8.0
0.37740505,0.38558227,6.0
0.115048885,0.23577273,9.0
0.30375794,0.8260678,10.0
-0.21879652,0.96040493,10.0
0.27300504,0.63083756,4.0
-0.22472525,0.027700178,2.0
0.54291713,0.54176503,10.0
-0.9653917,-0.6782015,10.0
0.116623014,0.2409714,9.0
0.2138252,0.09969146,7.0
-0.0030925826,0.42721725,3.0
-0.105416805,0.20236446,8.0
0.8561961,-0.2155575,10.0
0.76703066,-0.44132102,10.0
-0.017681565,-0.60761327,10.0
0.16473453,-0.14441346,1.0
0.10227933,-0.88670224,10.0
-0.44533962,-0.16600893,10.0
-0.0107008545,0.4134665,3.0
-0.96264285,-0.074310765,10.0
0.023782197,0.5883535,10.0
1.1564045,-0.19424696,10.0
0.02130581,0.027493207,0.0
-0.94725645,0.07538759,10.0
-0.3492275,0.85705614,10.0
0.9530017,0.26633978,10.0
0.3035177,-1.1607038,10.0
0.23980196,0.07797952,7.0
0.30512935,0.6806737,4.0
-0.17662416,-0.15685186,5.0
-0.104078166,0.2088637,8.0
-0.06948619,-0.46504936,10.0
-0.7388876,1.1486828,10.0
0.7737687,-0.29968938,10.0
0.25577694,0.60440594,4.0
0.5307923,-0.556078,10.0
0.27020255,0.20245166,10.0
0.4497015,-0.45091712,10.0
-0.13288163,-0.5302205,10.0
-0.35625342,-0.039378725,2.0
-0.52804846,0.049122237,10.0
0.19849682,0.43361557,10.0
-0.26016173,0.0040270095,2.0
-0.21061501,-0.5669359,10.0
0.3896535,0.4077819,6.0
0.015530639,0.03250827,0.0
0.061860237,-0.25802365,10.0
1.1718636,0.2921255,10.0
0.049496878,-0.49993932,10.0
-0.27504525,0.01039225,2.0
0.14380075,-0.69709843,10.0
-0.42546105,-0.4932626,10.0
0.8143218,-0.06717584,10.0
-0.18163034,0.5630191,10.0
0.23832843,0.059297852,10.0
0.16438632,-0.15737708,1.0
-0.5483903,0.64971596,10.0
0.1035737,0.22809784,9.0
-0.21455085,-1.149531,10.0
0.59795356,-0.7383452,10.0
0.11556682,0.46461838,10.0
0.057729308,0.67058957,10.0
-0.08410605,0.18879367,8.0
1.0787736,0.6902497,10.0
0.4826669,-0.010182953,10.0
-0.7612965,0.33335042,10.0
0.26019037,0.23192711,10.0
-0.12720856,0.2387066,8.0
0.14909789,0.35290706,10.0
0.7141121,0.39829218,10.0
0.094483316,0.21644303,9.0
-0.018742029,0.40557998,3.0
-0.10061039,0.19921203,8.0
-0.02923933,0.41543016,3.0
0.21303439,0.5629267,4.0
-0.44456238,0.5857736,10.0
0.06828791,0.21041217,9.0
0.25699785,0.09188035,7.0
-0.5976885,1.2260159,10.0
-0.73801386,0.38017377,10.0
0.09916398,0.21906494,9.0
0.9493704,0.67713314,10.0
-0.5582212,0.9254504,10.0
0.091562636,0.22283794,9.0
-0.29741946,-1.0676366,10.0
-0.88918185,-0.31287038,10.0
-0.019541379,0.4044935,3.0
0.09851228,0.22472031,9.0
1.2441983,0.53847903,10.0
-0.89334995,0.24906301,10.0
-0.047766622,-1.1341938,10.0
-0.29743034,0.5198538,10.0
0.2627774,0.08258443,7.0
0.01674164,0.04063286,0.0
-0.015958209,0.3984405,3.0
0.6685654,0.35462695,10.0
0.097742885,0.22486964,9.0
0.30921018,1.2824072,10.0
0.26435092,0.096495725,7.0
-0.7681948,0.42375892,10.0
0.25730407,0.64417475,4.0
0.3665894,0.38534033,6.0
0.34851748,0.95092946,10.0
0.082287006,0.21832986,9.0
0.63158095,0.23051953,10.0
-0.13809791,-0.6634565,10.0
0.20636904,1.6656631,10.0
0.395891,0.12644519,10.0
-0.61275715,0.6843327,10.0
0.102964275,0.21236898,9.0
0.27718496,0.6388021,4.0
-0.15355884,-0.113272905,5.0
-0.20057058,1.2637534,10.0
-0.16476208,-0.15779442,5.0
-0.243152,0.025865573,2.0
-0.16585985,-0.13886994,5.0
-0.49275535,-0.029592486,10.0
0.64910084,0.32187837,10.0
0.40527603,0.4159063,6.0
0.1458794,-0.13707994,1.0
-0.00847483,0.39640146,3.0
-1.2865471,0.108416684,10.0
0.844734,-0.3988233,10.0
0.332829,0.7156088,4.0
0.37748283,0.4078005,6.0
-0.2497482,0.01689075,2.0
0.60441303,-0.3892839,10.0
-0.874911,-0.46630436,10.0
0.28081173,0.082923904,7.0
-0.09524978,0.18759227,8.0
0.29369625,0.09287687,7.0
-0.3925718,-0.8635796,10.0
-0.33111754,0.7164441,10.0
0.25928062,0.6415228,4.0
0.38670024,0.42012805,6.0
-1.1503859,-0.27939034,10.0
-1.5047935,-0.52105045,10.0
-0.4974124,1.0331912,10.0
0.31015193,0.68827575,4.0
-0.008426952,0.43152085,3.0
0.022960512,0.03568485,0.0
-0.1466159,-0.0998954,5.0
0.7859154,0.4848928,10.0
-1.0962404,-0.8145721,10.0
0.0149657475,1.236049,10.0
0.09980549,0.23254097,9.0
-0.25529584,0.013252613,2.0
0.10181594,0.22508466,9.0
0.48171684,0.7734191,10.0
-0.19226393,-0.16340326,5.0
0.007251159,0.038719628,0.0
-0.49713764,-0.056241013,10.0
-0.104596205,0.1998373,8.0
0.35712647,0.3859933,6.0
-0.12995042,0.67198944,10.0
-0.4121235,-0.40932378,10.0
1.2310567,-0.77192986,10.0
0.015567583,0.038567863,0.0
-0.122921266,0.229573,8.0
-0.9905551,-0.7959485,10.0
-0.011114883,-0.76607543,10.0
-0.24624923,0.60026145,10.0
-0.24949275,0.024234261,2.0
-0.09856966,0.1897423,8.0
-0.2941297,0.9768274,10.0
-0.02817608,0.79470724,10.0
-0.05869561,1.0459498,10.0
-0.3293044,0.4633722,10.0
0.1636804,-0.1551478,1.0
-0.12154564,-0.8124871,10.0
0.40170935,-1.0377241,10.0
0.363664,0.3889884,6.0
0.091685876,0.22304906,9.0
0.005270312,0.031158257,0.0
-0.0851944,0.19209556,8.0
0.46097422,1.2348398,10.0
0.110109046,0.22836587,9.0
0.6225577,1.0450463,10.0
-0.20491664,-0.20797254,5.0
-0.29838517,-0.031301968,2.0
-1.2030281,-0.7796713,10.0
-1.0296402,-0.6806437,10.0
0.031064216,-0.07031832,10.0
0.21346962,1.394979,10.0
-0.021110605,0.39486742,3.0
0.13184713,-0.13542947,1.0
-0.4911898,-0.54513067,10.0
-0.64727265,0.0043582884,10.0
-0.5148905,0.72285277,10.0
0.16147849,-0.15932907,1.0
0.26037946,0.08642133,7.0
0.14159484,-0.14632294,1.0
0.6966494,-0.24259083,10.0
-0.15385292,-0.13412608,5.0
-0.2597015,0.899747,10.0
-0.0073039266,0.41424745,3.0
0.021832459,0.030281913,0.0
0.42648023,0.4469703,6.0
0.4049223,-0.7267393,10.0
0.01572935,0.026125226,0.0
0.02654587,0.04233,0.0
-0.52934295,-0.31626064,10.0
-0.78753525,-0.027726427,10.0
-0.26935545,-0.0021763213,2.0
0.2026915,-0.86346143,10.0
-0.6066651,0.13846038,10.0
0.0073779565,0.95054215,10.0
-0.013408567,0.94290096,10.0
-0.009987499,0.4196446,3.0
0.3534838,0.38742614,6.0
0.02137859,0.020494882,0.0
0.2437087,0.595207,4.0
0.021809686,0.038509734,0.0
-0.13225317,-0.12688653,10.0
1.1216245,0.69139355,10.0
-0.28357938,-0.0040571163,2.0
-0.13121434,-0.37169778,10.0
-1.4019301,-0.44042033,10.0
0.9577716,0.7232795,10.0
0.085692175,0.22057556,9.0
0.03843941,-0.8318921,10.0
-0.17724629,-0.16426894,5.0
0.018364515,0.03907098,0.0
0.2628387,0.6178283,4.0
0.11526779,0.22397436,9.0
0.15368237,-0.1501128,1.0
-0.87371725,0.8877196,10.0
-0.5618468,-0.38002214,10.0
0.14226666,-0.14003418,1.0
0.010343949,0.038257293,0.0
0.27812704,0.62499934,4.0
0.14598475,-0.13345346,1.0
-0.082433216,0.5461468,10.0
0.29608655,-0.34025642,10.0
-0.20913249,-0.41710952,10.0
-0.010917577,0.40964326,3.0
-0.2422573,1.3058264,10.0
-0.5687757,-0.58985996,10.0
-0.17388687,-0.14231251,5.0
0.25085217,0.6353385,4.0
1.1301512,-0.51922435,10.0
0.36377314,0.44547686,10.0
-0.18857,0.98873717,10.0
-0.22175515,-0.7107995,10.0
-0.6894504,-0.8470724,10.0
-0.2904721,-0.0009313368,2.0
0.012604627,0.03812913,0.0
-0.2938666,1.1039622,10.0
0.30333155,-0.42872924,10.0
0.019961823,0.042568605,0.0
-0.009122591,0.45632735,3.0
0.43674284,0.44529897,6.0
-0.16897175,-0.14896916,5.0
0.541576,0.5380967,10.0
0.11130764,0.32917875,10.0
0.10257863,0.86285573,10.0
0.09570476,0.22749917,9.0
-0.64739937,0.14250536,10.0
0.16683722,0.6969365,10.0
-0.10497099,0.20072815,8.0
0.1865066,-0.6305787,10.0
-0.46013075,0.12406793,10.0
-0.6309244,0.38234088,10.0
0.14567001,-0.12694031,1.0
0.08829802,0.21446563,9.0
-0.09539209,0.193893,8.0
-0.09286734,0.20444138,8.0
0.410771,0.4481921,6.0
0.21988422,0.4390906,10.0
-0.00423192,0.044226885,0.0
0.109279454,0.2272391,9.0
0.4087611,0.4283394,6.0
-0.5335856,1.1715063,10.0
-0.015381536,0.40723416,3.0
0.10154117,-0.79139096,10.0
0.23021895,0.09153205,7.0
1.2364709,-0.16701375,10.0
1.0500642,-0.57101476,10.0
0.16223054,-0.15150194,1.0
0.13872048,-0.1303129,1.0
-0.45813954,-0.33084077,10.0
-1.0598713,-0.19942744,10.0
0.2868551,0.09858986,7.0
-0.32747966,-0.5922473,10.0
1.4847667,0.6881172,10.0
-1.2350448,0.39750022,10.0
-0.5041067,1.2821347,10.0
-0.12897374,0.23404402,8.0
-0.29312658,0.7162938,10.0
-0.12959379,-0.8265634,10.0
-0.025490407,0.37257692,3.0
-0.14076665,-0.11438783,5.0
0.41816136,-0.08289697,10.0
0.2829574,0.65884554,4.0
-0.097545914,0.19619896,8.0
0.66731304,0.7308141,10.0
-0.1009968,0.9032553,10.0
0.10990477,-0.5965834,10.0
-0.6046061,0.9696917,10.0
-0.20380256,0.016732968,10.0
0.103773884,0.2232302,9.0
-1.1515793,-0.160351,10.0
-0.39572024,0.42370367,10.0
-0.17340857,-0.14124374,5.0
-0.87666696,0.44556814,10.0
0.32924485,1.2446803,10.0
0.32286003,0.69812745,4.0
-0.12415919,0.23375364,8.0
0.18871696,0.69313926,10.0
0.2961535,0.6747418,4.0
0.012711999,0.044088133,0.0
0.119305186,0.23417385,9.0
-0.28058064,1.0484176,10.0
1.1805245,0.7156867,10.0
0.10140179,0.2300591,9.0
-0.39534205,0.5497057,10.0
0.5474922,-0.30162868,10.0
-0.7149934,-0.51540834,10.0
1.330459,0.2576283,10.0
-1.220296,-0.3426962,10.0
-0.7771827,-0.8542337,10.0
0.8235385,-0.46974403,10.0
0.3431978,0.36858273,6.0
0.48363006,-0.2709334,10.0
0.36018375,0.38607067,6.0
-0.35242298,-0.04623591,2.0
0.10961848,0.23287213,9.0
0.5795719,-0.309527,10.0
0.5989205,-0.16243045,10.0
0.087276384,0.2176951,9.0
-0.0122603765,0.42221427,3.0
-0.016620304,0.4251497,3.0
-0.416604,-0.7704243,10.0
1.1901017,0.16056253,10.0
0.33305418,0.99514973,10.0
-0.097963415,0.19044156,8.0
0.07265175,0.38840628,10.0
-0.93322736,-0.4361866,10.0
-0.010324542,0.04062559,0.0
-0.019350495,0.37720227,3.0
0.15416028,-0.13964723,1.0
0.011104752,0.03909398,0.0
-0.21874812,0.9116587,10.0
0.13648722,-0.3389571,10.0
-0.1719968,-0.14215815,5.0
0.36786383,0.38973352,6.0
0.022061046,0.038683817,0.0
0.34735498,0.36679468,6.0
0.48723653,-1.2403905,10.0
-0.2529779,0.47876942,10.0
-0.15705732,1.3061436,10.0
0.0886163,0.38690004,10.0
-0.14719382,-0.12913509,5.0
0.029660374,0.025966994,0.0
0.26245448,0.09151478,7.0
-0.24473596,0.023486875,2.0
-0.48867592,0.6503584,10.0
0.10186527,0.23439912,9.0
0.117906295,0.23368128,9.0
0.002530907,0.3199818,10.0
-0.2876301,-0.006262004,2.0
-0.12177461,0.23138006,8.0
0.13877639,-0.14141789,1.0
-0.796411,0.02236367,10.0
-0.14480717,0.23855801,8.0
0.17781283,-0.164569,1.0
0.3331378,-0.74801964,10.0
0.43513876,0.45699197,6.0
0.43688983,0.44783786,6.0
0.30665287,0.09771522,7.0
0.19803837,0.57471704,10.0
0.26342195,0.5840878,4.0
0.26719743,0.64623386,4.0
0.56430864,-0.24431254,10.0
0.36253923,0.405574,6.0
-0.8498147,0.02805242,10.0
0.10500751,0.6007431,10.0
-0.15508816,-0.1193073,5.0
0.19635688,-0.6005685,10.0
-0.61566377,-0.54802155,10.0
-0.0024587319,0.40943816,3.0
0.023792075,0.03413911,0.0
0.88138753,-0.051479287,10.0
-0.45686558,0.9296896,10.0
0.25209117,0.083720826,7.0
0.15935466,-0.15557696,1.0
0.68296486,0.3915132,10.0
0.9131065,-0.12547024,10.0
0.35426393,0.38650516,6.0
-0.09649304,0.19579932,8.0
-0.118406765,0.22627766,8.0
0.016029906,0.030966284,0.0
0.15275092,0.95701236,10.0
-0.019503985,0.40646708,3.0
0.2692377,0.63862514,4.0
-1.0549954,1.0488945,10.0
0.099008925,-0.5101506,10.0
-0.29838243,-0.00025425036,2.0
1.2005583,0.38046324,10.0
-0.9248651,-0.35963863,10.0
-0.265582,0.0045456295,2.0
0.022816524,0.038316954,0.0
-1.0121362,-0.26426136,10.0
-0.3034571,-0.015851304,2.0
-0.021547087,0.4121828,3.0
-0.009722437,1.5975343,10.0
-0.2766219,-0.00114569,2.0
-1.6822761,0.192335,10.0
-0.014895062,0.41092443,3.0
-0.26433083,0.015066632,2.0
1.3587916,-0.034542732,10.0
0.13625243,1.2742566,10.0
-0.3595572,0.1418012,10.0
0.102110185,1.0543381,10.0
1.0346087,0.237918,10.0
-0.7285008,0.5882239,10.0
0.36675265,-0.14872311,10.0
-0.009700309,0.39151716,3.0
0.12540594,0.23691094,9.0
0.37862152,0.40858117,6.0
0.23889554,0.10237595,7.0
-0.013399254,0.41620097,3.0
0.004333899,0.03435386,0.0
-0.91009325,0.60113615,10.0
-0.9111493,-0.6613571,10.0
-0.10308658,0.20158632,8.0
0.0067263437,0.986493,10.0
0.71350557,-0.7974435,10.0
0.13214749,-0.13088247,1.0
-0.7539836,1.0765232,10.0
-0.018656742,0.43764034,3.0
0.34184575,-0.615631,10.0
0.08249095,0.2278745,9.0
-0.010304357,0.42767054,3.0
-0.63762486,0.84537774,10.0
-0.44363484,0.21741946,10.0
-0.1689005,-0.13438405,5.0
0.32399726,-0.051703833,10.0
0.2603843,0.09450484,7.0
-1.0703788,0.21349844,10.0
-0.26190406,0.002320402,2.0
1.0821728,-0.2518149,10.0
-0.096948914,0.7639717,10.0
-0.42612264,-0.736113,10.0
-0.695826,0.69913954,10.0
0.079922624,0.21670114,9.0
0.57004505,1.502915,10.0
-0.6218407,0.6680044,10.0
-0.054584663,-0.7638271,10.0
-0.25847673,0.0005735613,2.0
-0.36182484,1.1457063,10.0
-0.22436127,0.23371351,10.0
0.15443797,-0.15055053,1.0
1.3249704,0.38945705,10.0
0.02463515,0.044003233,0.0
1.1162162,0.2760123,10.0
0.34909245,-0.575342,10.0
-0.09151297,0.20211871,8.0
-0.9102796,0.08626152,10.0
0.5033907,0.85583323,10.0
0.62290597,-0.31106186,10.0
0.8112388,0.18826814,10.0
0.6782549,0.58231854,10.0
1.3407723,0.66326773,10.0
0.15282583,-0.13741039,1.0
1.09982,0.20188694,10.0
-0.09869425,0.19539614,8.0
1.3030976,0.7252855,10.0
-0.10980615,0.22821477,8.0
0.4065769,0.4225583,6.0
0.09053087,0.23020425,9.0
0.24865007,0.12669308,10.0
-0.52976745,0.63303965,10.0
-0.011888686,0.4084148,3.0
0.06911103,1.5055829,10.0
0.105022594,0.22302294,9.0
0.29545313,0.6435533,4.0
-0.26491517,0.0068857823,2.0
-0.16824004,-0.14542046,5.0
0.23518907,0.09300178,7.0
-0.7102217,0.073818944,10.0
-0.39390397,0.5428722,10.0
0.15234394,-0.14029808,1.0
0.01555178,0.041375317,0.0
-0.14881662,-0.09331014,5.0
-0.0052679214,0.44521695,3.0
0.23876564,0.5935382,4.0
0.8009129,0.47583264,10.0
0.37626997,0.3946197,6.0
0.39107567,0.43084723,6.0
-1.0784879,0.22537433,10.0
0.26222304,-0.06127213,10.0
-0.27676925,-0.001939609,2.0
-0.50892866,0.06685167,10.0
0.32149875,-0.31012228,10.0
0.3842333,0.43754843,6.0
-0.46946204,0.011790768,10.0
0.26811862,0.690545,4.0
-0.25577784,0.85218424,10.0
-0.27441773,-0.002485148,2.0
-0.47856805,0.33337757,10.0
0.36835557,0.38868666,6.0
-0.14365037,-0.103491805,5.0
0.39362127,0.43282342,6.0
-0.0044131535,0.8241861,10.0
0.16145647,-0.14354083,1.0
0.48682687,0.8973571,10.0
0.15408482,-0.14746751,1.0
0.33765736,0.16015366,10.0
0.37801555,0.40214184,6.0
0.08808369,0.22522078,9.0
0.49790677,0.30145437,10.0
0.116270706,0.21175474,9.0
-0.12415914,-0.39935547,10.0
-0.2582895,0.010601998,2.0
-0.10104497,0.20156322,8.0
0.89631814,0.553552,10.0
-0.17343193,-0.1412736,5.0
-0.21224967,-0.18340053,5.0
0.6737304,0.90654075,10.0
-0.14725554,1.3978503,10.0
0.41570252,0.4482289,6.0
-0.38260514,-1.2203208,10.0
-0.8592521,0.64960927,10.0
-1.01517,-0.5621032,10.0
1.0140105,-0.13675873,10.0
-0.21612811,0.87210387,10.0
0.61206466,-0.42674375,10.0
-0.8292313,0.019559138,10.0
-0.009936917,0.41258866,3.0
0.5067674,-0.88151634,10.0
1.0309882,0.5476056,10.0
-0.14368124,0.7712714,10.0
-1.2699782,0.3994366,10.0
0.29192722,0.69504136,4.0
0.16087012,-0.17120762,1.0
0.232444,0.089674875,7.0
0.12290209,0.63734794,10.0
0.16655305,0.90935594,10.0
0.15557773,-0.14923443,1.0
0.008433641,0.03541597,0.0
-0.5714325,0.686671,10.0
0.8458968,0.7083292,10.0
-1.0053453,0.055935867,10.0
-0.15554939,-0.13024078,5.0
0.09690549,0.22662947,9.0
0.2560849,0.080141544,7.0
0.2689586,0.08559923,7.0
-0.5223177,1.0307101,10.0
-0.59105366,0.8122632,10.0
0.012802319,0.036526583,0.0
-0.2768682,-0.0013179027,2.0
-0.014378692,0.39284834,3.0
0.29186508,0.6630222,4.0
0.28619134,-0.44099414,10.0
0.38471508,-0.93218416,10.0
0.019570462,0.036770854,0.0
-0.5951716,0.9588434,10.0
0.10120176,-0.145714,10.0
-0.329784,-0.13095845,10.0
-0.014127183,0.41608518,3.0
0.12574412,-0.115864,1.0
-0.1795135,-0.48152113,10.0
0.29276073,-0.009587607,10.0
-0.09641062,0.19328351,8.0
-0.060037743,-0.81012267,10.0
-0.31160316,0.82751185,10.0
-0.8533178,-0.33708942,10.0
0.23616293,-0.77935225,10.0
0.2745931,0.6762781,4.0
0.62488496,0.33499545,10.0
-0.40975425,-0.20273225,10.0
-0.25706133,0.013643214,2.0
0.21946603,0.3058971,10.0
0.12490188,0.2927255,10.0
-0.19100632,-0.19710228,5.0
-0.1067474,0.23486896,8.0
0.42543203,0.67703396,10.0
0.8646309,1.0056891,10.0
-1.1814047,-0.011113859,10.0
-0.20646483,0.34153312,10.0
-0.43442348,0.54270524,10.0
-0.35336545,-0.35456657,10.0
1.0424377,0.13793848,10.0
-0.2731493,0.015935745,2.0
-0.7622923,0.30556798,10.0
0.72738975,0.9084535,10.0
-0.16472265,-0.16363958,5.0
-0.4212975,-0.3139624,10.0
-0.25340378,0.83808964,10.0
0.53215337,-0.20756823,10.0
-0.13829732,-0.10308271,5.0
0.725703,0.6435967,10.0
0.33083767,0.72366315,4.0
0.27647027,0.6512061,4.0
-0.5286804,0.63283235,10.0
0.1630702,-0.16706833,1.0
0.15287602,-0.14453863,1.0
0.70676905,-0.32176143,10.0
0.30792603,0.7692642,4.0
-0.2928999,0.9095197,10.0
0.48046014,-0.34311503,10.0
-0.25978106,-0.00096706976,2.0
1.0256548,-0.59496444,10.0
0.7430101,-0.75538546,10.0
0.118129276,0.21782152,9.0
0.37188196,0.39751768,6.0
-0.27063495,1.0947632,10.0
-0.01408496,0.44413084,3.0
0.25068468,0.6315287,4.0
0.2323885,0.081698164,7.0
-0.08393892,0.22549285,10.0
0.018035946,0.04234389,0.0
-0.010972465,0.4046648,3.0
-0.4917034,0.95224303,10.0
0.42248482,-0.30494058,10.0
0.79969615,0.17280407,10.0
0.23656929,0.6100562,4.0
-0.6022698,0.95927185,10.0
0.18616965,-0.6966607,10.0
-0.018972784,0.39238113,3.0
0.7195685,-0.0573489,10.0
0.7007188,0.3527066,10.0
0.15183216,-0.14472847,1.0
0.021831157,0.025364468,0.0
0.08881891,0.21575196,9.0
0.8018927,-0.5200767,10.0
0.6684534,0.15809806,10.0
0.01115962,0.025885342,0.0
0.02209101,0.02795821,0.0
0.10303596,0.20332439,9.0
0.16243874,0.2953521,10.0
0.38550818,0.41034132,6.0
-0.25561196,0.6069483,10.0
0.007757534,0.037735686,0.0
0.098654665,0.67470455,10.0
0.8151714,-0.33554366,10.0
-0.09148883,0.19264603,8.0
0.019374382,0.027772885,0.0
0.021883434,0.024312243,0.0
-0.29527247,0.0045848195,2.0
0.11606974,0.2267913,9.0
-0.021154556,0.36503083,3.0
0.0051286262,0.037413254,0.0
-0.018065002,0.50434846,3.0
1.0080107,-0.5357637,10.0
0.37836063,0.41528577,6.0
-1.007033,0.25605556,10.0
-0.0845644,0.19754107,8.0
0.13116568,-0.1325153,1.0
-0.27354577,0.0077742157,2.0
0.5692956,-0.39002842,10.0
-0.6276785,0.30309272,10.0
0.30254644,-0.08552797,10.0
1.5080156,-0.015290371,10.0
0.310468,0.715032,4.0
-0.18820095,0.8382046,10.0
0.01092469,0.02807913,0.0
-0.56303346,-0.0778357,10.0
-0.27297178,0.010627055,2.0
0.3036117,0.60528094,10.0
0.23757625,0.59946984,4.0
-0.010527047,0.460841,3.0
-0.014972213,0.41284704,3.0
0.56858444,-1.1664971,10.0
-0.565959,0.50856537,10.0
-0.107220225,0.21497457,8.0
0.2647695,0.61005455,4.0
0.41908178,0.46498564,6.0
1.770129,-0.16144381,10.0
0.28823504,0.085239,7.0
0.3553354,0.1356472,10.0
0.10545934,-1.099053,10.0
0.007663269,0.93398553,10.0
0.0015886637,0.038177826,0.0
0.36271608,0.5046098,10.0
-0.5258976,-0.5300364,10.0
0.03428975,1.1786095,10.0
-0.011310103,0.39481357,3.0
0.8699336,-0.57216173,10.0
0.106419235,0.22935419,9.0
0.22612229,0.08763819,7.0
0.03366979,0.48682988,3.0
0.42192242,0.44916248,6.0
0.14138632,-0.13777176,1.0
-0.118310735,0.21747628,8.0
-0.113738306,0.19777347,8.0
0.01680125,0.030557662,0.0
-0.07189305,-0.07360739,10.0
-0.77650136,0.20839618,10.0
0.09041389,0.21360289,9.0
-0.4242739,0.5744211,10.0
0.026545107,0.031707384,0.0
-0.26423508,0.0011343367,2.0
0.409567,-0.720081,10.0
-0.24840444,0.0111739645,2.0
0.7909071,-0.043059252,10.0
-0.016164321,0.40732127,3.0
0.7511049,0.48329157,10.0
0.009149578,0.036049016,0.0
0.014156007,0.037213318,0.0
-0.00425481,0.4522787,3.0
0.43872964,0.45473415,6.0
-0.012877132,0.4190315,3.0
1.0333687,-0.13316807,10.0
0.5931179,0.13520616,10.0
1.0975136,0.015804268,10.0
-0.7698072,0.079969056,10.0
-0.4291766,0.2159715,10.0
-0.29696783,0.73150545,10.0
-1.0189525,0.40332568,10.0
0.26012817,0.60584706,10.0
-0.18371935,-0.32114655,10.0
-0.01293772,0.4174549,3.0
0.3080293,0.7120282,4.0
0.019693736,0.9104392,10.0
0.01957905,0.035419896,0.0
0.32329828,0.70017344,4.0
-0.5549664,-1.4454426,10.0
0.11391162,0.2384969,9.0
0.2584015,0.64683527,4.0
-0.63649917,-0.5529703,10.0
-0.12039027,0.23956646,8.0
-0.15737091,-0.64063233,10.0
-0.06461597,0.6749161,10.0
0.45772958,-1.0081061,10.0
0.2929055,0.66016895,4.0
-0.73526126,-0.34704006,10.0
0.24810563,0.6108764,4.0
0.25916317,0.08781248,7.0
-0.7726843,0.7522275,10.0
1.5907959,0.3619346,10.0
-0.39987236,0.123689376,10.0
0.47189373,0.5980902,10.0
-0.26609313,0.0037299327,2.0
0.42357796,0.44623807,6.0
0.23974656,0.09105615,7.0
-0.18630362,0.66721725,10.0
0.3580174,0.39297846,6.0
-0.023132045,0.4097333,3.0
1.2024524,0.22622995,10.0
